city,provider,locationid,name,lat,lng,parameters,n_days,first_day,last_day
CHI,AirGradient,1370216,"West Albany Park, Chicago",41.962434,-87.737472,"pm10,pm25",779,20231125.csv,20260513.csv
CHI,AirGradient,3027117,Portage Park - Chicago,41.9480557275771,-87.74637848791646,"pm10,pm25",598,20240821.csv,20260514.csv
CHI,AirGradient,4609260,Avalon Park,41.7441079,-87.5939035,pm25,342,20250603.csv,20260514.csv
CHI,AirGradient,4645153,South Loop,41.865,-87.622,pm25,223,20250802.csv,20260514.csv
CHI,AirGradient,4845127,South Loop,41.860021,-87.627106,pm25,239,20250918.csv,20260514.csv
CHI,AirGradient,4850454,"Prairie District, South Loop, Chicago",41.856673681300066,-87.62005213101195,pm25,212,20250918.csv,20260514.csv
CHI,AirGradient,4892079,Jeff Park,41.9678,-87.774,pm25,307,20250628.csv,20260514.csv
CHI,AirGradient,4903652,Wells & Ontario Bus Station,41.893333,-87.634176,pm25,302,20250630.csv,20260514.csv
CHI,AirGradient,5156237,"Lakeview, Chicago",41.9392878,-87.6520167,pm25,238,20250918.csv,20260514.csv
CHI,AirGradient,5866154,"Wicker Park, Chicago",41.909961038796716,-87.67767573843658,pm25,216,20250921.csv,20260514.csv
CHI,AirGradient,5867973,Chicago-Logan Square,41.92111541175888,-87.70193708823098,pm25,222,20250921.csv,20260514.csv
CHI,AirGradient,6176754,Andersonville,41.97887,-87.672734,pm25,142,20251224.csv,20260514.csv
CHI,AirGradient,6181924,Milwaukee/Division/Paulina,41.903482,-87.669641,pm25,134,20251229.csv,20260514.csv
CHI,AirGradient,6201588,Avondale,41.9379,-87.6978,pm25,112,20260114.csv,20260507.csv
CHI,AirGradient,6258096,Kappa,41.7144847,-87.5919587,pm25,74,20260302.csv,20260514.csv
CHI,AirGradient,6320515,LUC Loyola Hall,42.001934201261854,-87.65912121346129,pm25,21,20260424.csv,20260514.csv
CHI,AirGradient,6320516,LUC Loyola Hall,42.001934201261854,-87.65912121346129,pm25,21,20260424.csv,20260514.csv
CHI,AirGradient,6320517,LUC Loyola Hall,42.001934201261854,-87.65912121346129,pm25,21,20260424.csv,20260514.csv
CHI,AirGradient,6320518,LUC Loyola Hall,42.001934201261854,-87.65912121346129,pm25,21,20260424.csv,20260514.csv
CHI,AirGradient,6320519,LUC Loyola Hall,42.001934201261854,-87.65912121346129,pm25,21,20260424.csv,20260514.csv
CHI,AirGradient,6320520,LUC Loyola Hall,42.001934201261854,-87.65912121346129,pm25,21,20260424.csv,20260514.csv
CHI,AirGradient,6320521,LUC Loyola Hall,42.001934201261854,-87.65912121346129,pm25,21,20260424.csv,20260514.csv
CHI,AirGradient,6320522,LUC Loyola Hall,42.001934201261854,-87.65912121346129,pm25,21,20260424.csv,20260514.csv
CHI,AirNow,424,CHI_COM,41.7547,-87.7136,"o3,pm25",2526,20180101.csv,20260514.csv
CHI,AirNow,1153,ALSIP,41.6708,-87.7325,"o3,pm25",2601,20180101.csv,20260514.csv
CHI,AirNow,1657,CHI_SP,41.9136,-87.7239,pm25,1652,20200917.csv,20260514.csv
CHI,AirNow,1658,CHI_SWFP,41.755798,-87.545303,o3,1867,20180301.csv,20260514.csv
CHI,AirNow,1660,CICERO,41.855301,-87.752502,o3,1902,20180101.csv,20260514.csv
CHI,AirNow,1856,Cicero Liberty,41.864329,-87.748826,pm25,2755,20180101.csv,20260514.csv
CHI,AirNow,2085,SCHILPRK,41.965,-87.8761,"o3,pm25",2311,20180101.csv,20260514.csv
CHI,AirNow,8468,CHI_TAFT,41.984402,-87.791901,o3,1694,20180308.csv,20260514.csv
CHI,AirNow,2047319,McCook,41.80117,-87.83194,"pm10,pm25",862,20240102.csv,20260514.csv
CHI,AirNow,3301366,CHI_MAYFAIR,41.96548,-87.74992,pm25,522,20241204.csv,20260514.csv
CHI,AirNow,3368525,CHI_WASH,41.6878,-87.5389,"pm10,pm25",483,20250114.csv,20260514.csv
CHI,AirNow,4139029,Summit,41.78276,-87.80537,pm25,64,20260312.csv,20260514.csv
NYC,AirGradient,2386747,"Carteret, NJ",40.585,-74.238,"pm10,pm25",800,20240205.csv,20260514.csv
NYC,AirGradient,2616564,7th Ave and W 16th St,40.740022,-73.998504,"pm10,pm25",582,20240318.csv,20260514.csv
NYC,AirGradient,2903996,Win Son,40.708,-73.944,"pm10,pm25",633,20240618.csv,20260514.csv
NYC,AirGradient,3041962,Near Bay 50 St,40.5887458,-73.9838231,"pm10,pm25",583,20240831.csv,20260514.csv
NYC,AirGradient,3103622,"Montclair, NJ",40.8476775,-74.2065738,"pm10,pm25",540,20241008.csv,20260514.csv
NYC,AirGradient,3305066,Downtown Montclair,40.81405,-74.21782,"pm10,pm25",411,20241207.csv,20260504.csv
NYC,AirGradient,3400913,DropHome,40.776416,-73.981338,pm25,452,20250211.csv,20260514.csv
NYC,AirGradient,3406357,"Bayside, NY 11361",40.76433675598798,-73.76633802306293,pm25,453,20250216.csv,20260514.csv
NYC,AirGradient,4727343,E Houston St between Clinton St & Attorney St,40.72113218678927,-73.98342130198078,pm25,267,20250613.csv,20260514.csv
NYC,AirGradient,4811604,"Caton Ave and Ocean Pkwy, Brooklyn",40.64751134801405,-73.9740272541179,pm25,239,20250918.csv,20260514.csv
NYC,AirGradient,5066205,"Hamilton Park, Jersey City",40.728854,-74.046405,pm25,305,20250714.csv,20260514.csv
NYC,AirGradient,6091551,Brooklyn ,40.67248,-73.95881,pm25,200,20251011.csv,20260514.csv
NYC,AirGradient,6166696,Downtown Manhattan – FiDi/Seaport,40.7068,-74.005,pm25,150,20251216.csv,20260514.csv
NYC,AirGradient,6180184,Brooklyn 11218,40.636048,-73.972273,pm25,128,20260107.csv,20260514.csv
NYC,AirGradient,6236873,"Astoria, NY",40.765523,-73.919599,pm25,93,20260211.csv,20260514.csv
NYC,AirGradient,6268383,Fort Lee,40.833246,-73.975019,pm25,65,20260311.csv,20260514.csv
NYC,AirGradient,6303070,Eckford & Meserole st,40.72717732493724,-73.9506644567995,pm25,35,20260410.csv,20260514.csv
NYC,AirGradient,6325481,"Teachers College, Columbia University",40.8101571,-73.9604571,pm25,17,20260428.csv,20260514.csv
NYC,AirNow,384,CCNY,40.8197,-73.9481,"o3,pm25",2499,20180101.csv,20260514.csv
NYC,AirNow,625,Manhattan/IS143,40.8492,-73.9319,pm25,2315,20180101.csv,20260514.csv
NYC,AirNow,626,Bronx - IS52,40.816101,-73.902199,"o3,pm10,pm25",2447,20180101.csv,20260514.csv
NYC,AirNow,628,Maspeth,40.7269,-73.8933,pm25,2368,20180101.csv,20260514.csv
NYC,AirNow,631,Queens,40.7375,-73.8244,"o3,pm25",2494,20180101.csv,20260514.csv
NYC,AirNow,648,Bklyn - PS 314,40.641819,-74.018707,pm25,2648,20180101.csv,20260514.csv
NYC,AirNow,664,Bklyn - PS274,40.694401,-73.928596,pm25,2065,20180101.csv,20260514.csv
NYC,AirNow,665,Bronx - IS74,40.814701,-73.886703,pm25,1731,20190617.csv,20260514.csv
NYC,AirNow,666,Pfizer Lab,40.868,-73.8782,o3,2445,20180102.csv,20260514.csv
NYC,AirNow,857,Fort Lee Near Road,40.85355,-73.9661,"co,no2,pm25",2644,20180101.csv,20260514.csv
NYC,AirNow,928,Jersey City FH,40.725452,-74.052292,pm25,2442,20180101.csv,20260514.csv
NYC,AirNow,971,Elizabeth Trailer,40.64144099999999,-74.208366,"co,no2,pm25,so2",2643,20180101.csv,20260514.csv
NYC,AirNow,984,Leonia,40.870438,-73.991997,o3,1864,20180213.csv,20260514.csv
NYC,AirNow,1122,Jersey City,40.731689,-74.066566,"co,no2,so2",2513,20180101.csv,20260514.csv
NYC,AirNow,1496,Bayonne,40.67025,-74.126083,"no2,o3,so2",2611,20180101.csv,20260514.csv
NYC,AirNow,387315,Union City High Scho,40.770908,-74.036218,pm25,1187,20221122.csv,20260514.csv
NYC,AirNow,391818,Paterson,40.918381,-74.168092,pm25,1171,20221129.csv,20260514.csv
NYC,AirNow,496096,Port Richmond,40.63306,-74.137156,pm25,1064,20230327.csv,20260514.csv
TOR,AirGradient,1612333,AQ-Toronto-Annex,43.6692007,-79.408185,"pm10,pm25",777,20231125.csv,20260514.csv
TOR,AirGradient,4410145,Downtown Toronto West End,43.644,-79.406,pm25,365,20250515.csv,20260514.csv
TOR,AirGradient,4811068,North York,43.765533,-79.426576,pm25,210,20250918.csv,20260514.csv
TOR,AirGradient,5480157,Toronto West Harbourfront ,43.633542,-79.399732,pm25,154,20250918.csv,20260514.csv
TOR,AirGradient,5523971,Hillcrest Village,43.8097154,-79.3542192,pm25,247,20250908.csv,20260514.csv
TOR,AirGradient,5547422,Scarborough Agincourt North,43.80433649658915,-79.261546668023,pm25,139,20250918.csv,20260514.csv
TOR,AirGradient,6139385,"Woodmount, North of Mortimer",43.69235597941228,-79.31825147413163,pm25,174,20251122.csv,20260514.csv
TOR,AirGradient,6291303,MPL,43.7325,-79.3958,pm25,45,20260331.csv,20260514.csv
TOR,AirGradient,6301142,Leaside,43.69057,-79.3656,pm25,37,20260408.csv,20260514.csv
TOR,AirGradient,6311723,Osler & Davenport,43.672284992501275,-79.46088481178965,pm25,28,20260417.csv,20260514.csv
TOR,AirGradient,6327850,Keewatin (Toronto Midtown),43.712417,-79.397435,pm25,16,20260429.csv,20260514.csv
TOR,AirNow,7570,Toronto Downtown,43.64543,-79.38908,"no2,o3,pm25",1841,20200406.csv,20260514.csv
TOR,AirNow,1274949,Toronto North,43.78043,-79.467397,"co,no2,o3,pm25,so2",1029,20230716.csv,20260514.csv
TOR,AirNow,1274950,Toronto West,43.709444,-79.5435,"co,no2,o3,pm25,so2",1032,20230716.csv,20260514.csv
TOR,AirNow,1275803,Toronto East,43.747917,-79.274056,"no2,o3,pm25",1033,20230716.csv,20260514.csv
